죄종별(1),죄종별(2),2017,2017,2017,2017,2017,2017,2017,2017,2017,2017,2017,2017,2017,2017,2017,2017,2017,2017,2017,2017,2017,2017,2017,2017,2017,2017,2017,2017,2017,2017,2017,2017,2017,2017,2017,2017,2017,2017,2017,2017,2017,2017,2017,2017,2017,2017,2017,2017,2017,2017,2017,2017,2017,2017,2017,2017,2017,2017,2017,2017,2017,2017,2017,2017,2017,2017,2017,2017,2017,2017,2017,2017,2017,2017,2017,2017,2017,2017,2017,2017,2017,2017,2017,2017,2017,2017,2017,2017,2018,2018,2018,2018,2018,2018,2018,2018,2018,2018,2018,2018,2018,2018,2018,2018,2018,2018,2018,2018,2018,2018,2018,2018,2018,2018,2018,2018,2018,2018,2018,2018,2018,2018,2018,2018,2018,2018,2018,2018,2018,2018,2018,2018,2018,2018,2018,2018,2018,2018,2018,2018,2018,2018,2018,2018,2018,2018,2018,2018,2018,2018,2018,2018,2018,2018,2018,2018,2018,2018,2018,2018,2018,2018,2018,2018,2018,2018,2018,2018,2018,2018,2018,2018,2018,2018,2018,2018,2019,2019,2019,2019,2019,2019,2019,2019,2019,2019,2019,2019,2019,2019,2019,2019,2019,2019,2019,2019,2019,2019,2019,2019,2019,2019,2019,2019,2019,2019,2019,2019,2019,2019,2019,2019,2019,2019,2019,2019,2019,2019,2019,2019,2019,2019,2019,2019,2019,2019,2019,2019,2019,2019,2019,2019,2019,2019,2019,2019,2019,2019,2019,2019,2019,2019,2019,2019,2019,2019,2019,2019,2019,2019,2019,2019,2019,2019,2019,2019,2019,2019,2019,2019,2019,2019,2019,2019,2020,2020,2020,2020,2020,2020,2020,2020,2020,2020,2020,2020,2020,2020,2020,2020,2020,2020,2020,2020,2020,2020,2020,2020,2020,2020,2020,2020,2020,2020,2020,2020,2020,2020,2020,2020,2020,2020,2020,2020,2020,2020,2020,2020,2020,2020,2020,2020,2020,2020,2020,2020,2020,2020,2020,2020,2020,2020,2020,2020,2020,2020,2020,2020,2020,2020,2020,2020,2020,2020,2020,2020,2020,2020,2020,2020,2020,2020,2020,2020,2020,2020,2020,2020,2020,2020,2020,2020
죄종별(1),죄종별(2),계,서울,부산,대구,인천,광주,대전,울산,세종,경기도,경기도,경기도,경기도,경기도,경기도,경기도,경기도,경기도,경기도,경기도,경기도,경기도,경기도,경기도,경기도,경기도,경기도,경기도,경기도,경기도,경기도,경기도,경기도,경기도,경기도,경기도,경기도,강원도,강원도,강원도,강원도,강원도,강원도,강원도,충청북도,충청북도,충청북도,충청남도,충청남도,충청남도,충청남도,충청남도,충청남도,충청남도,충청남도,전라북도,전라북도,전라북도,전라북도,전라북도,전라북도,전라남도,전라남도,전라남도,전라남도,전라남도,경상북도,경상북도,경상북도,경상북도,경상북도,경상북도,경상북도,경상북도,경상북도,경상북도,경상남도,경상남도,경상남도,경상남도,경상남도,경상남도,경상남도,경상남도,제주특별자치도,제주특별자치도,기타도시,도시이외,계,서울,부산,대구,인천,광주,대전,울산,세종,경기도,경기도,경기도,경기도,경기도,경기도,경기도,경기도,경기도,경기도,경기도,경기도,경기도,경기도,경기도,경기도,경기도,경기도,경기도,경기도,경기도,경기도,경기도,경기도,경기도,경기도,경기도,경기도,강원도,강원도,강원도,강원도,강원도,강원도,강원도,충청북도,충청북도,충청북도,충청남도,충청남도,충청남도,충청남도,충청남도,충청남도,충청남도,충청남도,전라북도,전라북도,전라북도,전라북도,전라북도,전라북도,전라남도,전라남도,전라남도,전라남도,전라남도,경상북도,경상북도,경상북도,경상북도,경상북도,경상북도,경상북도,경상북도,경상북도,경상북도,경상남도,경상남도,경상남도,경상남도,경상남도,경상남도,경상남도,경상남도,제주특별자치도,제주특별자치도,기타도시,도시이외,계,서울,부산,대구,인천,광주,대전,울산,세종,경기도,경기도,경기도,경기도,경기도,경기도,경기도,경기도,경기도,경기도,경기도,경기도,경기도,경기도,경기도,경기도,경기도,경기도,경기도,경기도,경기도,경기도,경기도,경기도,경기도,경기도,경기도,경기도,강원도,강원도,강원도,강원도,강원도,강원도,강원도,충청북도,충청북도,충청북도,충청남도,충청남도,충청남도,충청남도,충청남도,충청남도,충청남도,충청남도,전라북도,전라북도,전라북도,전라북도,전라북도,전라북도,전라남도,전라남도,전라남도,전라남도,전라남도,경상북도,경상북도,경상북도,경상북도,경상북도,경상북도,경상북도,경상북도,경상북도,경상북도,경상남도,경상남도,경상남도,경상남도,경상남도,경상남도,경상남도,경상남도,제주특별자치도,제주특별자치도,기타도시,도시이외,계,서울,부산,대구,인천,광주,대전,울산,세종,경기도,경기도,경기도,경기도,경기도,경기도,경기도,경기도,경기도,경기도,경기도,경기도,경기도,경기도,경기도,경기도,경기도,경기도,경기도,경기도,경기도,경기도,경기도,경기도,경기도,경기도,경기도,경기도,강원도,강원도,강원도,강원도,강원도,강원도,강원도,충청북도,충청북도,충청북도,충청남도,충청남도,충청남도,충청남도,충청남도,충청남도,충청남도,충청남도,전라북도,전라북도,전라북도,전라북도,전라북도,전라북도,전라남도,전라남도,전라남도,전라남도,전라남도,경상북도,경상북도,경상북도,경상북도,경상북도,경상북도,경상북도,경상북도,경상북도,경상북도,경상남도,경상남도,경상남도,경상남도,경상남도,경상남도,경상남도,경상남도,제주특별자치도,제주특별자치도,기타도시,도시이외
죄종별(1),죄종별(2),소계,소계,소계,소계,소계,소계,소계,소계,소계,고양시,과천시,광명시,광주시,구리시,군포시,김포시,남양주시,동두천시,부천시,성남시,수원시,시흥시,안산시,안성시,안양시,양주시,여주시,오산시,용인시,의왕시,의정부시,이천시,파주시,평택시,포천시,하남시,화성시,강릉시,동해시,삼척시,속초시,원주시,춘천시,태백시,제천시,청주시,충주시,계룡시,공주시,논산시,당진시,보령시,서산시,아산시,천안시,군산시,김제시,남원시,익산시,전주시,정읍시,광양시,나주시,목포시,순천시,여수시,경산시,경주시,구미시,김천시,문경시,상주시,안동시,영주시,영천시,포항시,거제시,김해시,밀양시,사천시,양산시,진주시,창원시,통영시,서귀포시,제주시,소계,소계,소계,소계,소계,소계,소계,소계,소계,소계,소계,고양시,과천시,광명시,광주시,구리시,군포시,김포시,남양주시,동두천시,부천시,성남시,수원시,시흥시,안산시,안성시,안양시,양주시,여주시,오산시,용인시,의왕시,의정부시,이천시,파주시,평택시,포천시,하남시,화성시,강릉시,동해시,삼척시,속초시,원주시,춘천시,태백시,제천시,청주시,충주시,계룡시,공주시,논산시,당진시,보령시,서산시,아산시,천안시,군산시,김제시,남원시,익산시,전주시,정읍시,광양시,나주시,목포시,순천시,여수시,경산시,경주시,구미시,김천시,문경시,상주시,안동시,영주시,영천시,포항시,거제시,김해시,밀양시,사천시,양산시,진주시,창원시,통영시,서귀포시,제주시,소계,소계,소계,소계,소계,소계,소계,소계,소계,소계,소계,고양시,과천시,광명시,광주시,구리시,군포시,김포시,남양주시,동두천시,부천시,성남시,수원시,시흥시,안산시,안성시,안양시,양주시,여주시,오산시,용인시,의왕시,의정부시,이천시,파주시,평택시,포천시,하남시,화성시,강릉시,동해시,삼척시,속초시,원주시,춘천시,태백시,제천시,청주시,충주시,계룡시,공주시,논산시,당진시,보령시,서산시,아산시,천안시,군산시,김제시,남원시,익산시,전주시,정읍시,광양시,나주시,목포시,순천시,여수시,경산시,경주시,구미시,김천시,문경시,상주시,안동시,영주시,영천시,포항시,거제시,김해시,밀양시,사천시,양산시,진주시,창원시,통영시,서귀포시,제주시,소계,소계,소계,소계,소계,소계,소계,소계,소계,소계,소계,고양시,과천시,광명시,광주시,구리시,군포시,김포시,남양주시,동두천시,부천시,성남시,수원시,시흥시,안산시,안성시,안양시,양주시,여주시,오산시,용인시,의왕시,의정부시,이천시,파주시,평택시,포천시,하남시,화성시,강릉시,동해시,삼척시,속초시,원주시,춘천시,태백시,제천시,청주시,충주시,계룡시,공주시,논산시,당진시,보령시,서산시,아산시,천안시,군산시,김제시,남원시,익산시,전주시,정읍시,광양시,나주시,목포시,순천시,여수시,경산시,경주시,구미시,김천시,문경시,상주시,안동시,영주시,영천시,포항시,거제시,김해시,밀양시,사천시,양산시,진주시,창원시,통영시,서귀포시,제주시,소계,소계
계,소계,1662341,319046,118854,75024,95244,48205,46904,36531,4866,28577,1781,9012,10360,6977,6995,10361,16846,3245,31124,29661,45991,18725,28858,7382,17047,6536,4427,7563,22586,3145,14178,7993,13694,23839,6872,5408,19939,7127,3125,2864,4680,13568,9571,1233,4082,27847,6461,419,3125,3834,5045,3444,6485,8607,22376,10084,2297,2269,8129,17661,2859,5438,2807,9734,8640,9951,7032,8319,15304,3777,1885,2312,4746,2525,2911,17643,10775,18400,2888,3292,8258,10238,32654,5613,8385,24885,3772,99169,1580751,306661,115727,72270,88228,43515,45454,34389,5156,26957,1777,8364,9743,6458,5659,11071,15561,3249,29240,27089,42123,17268,25522,6507,15349,6726,3504,7402,20473,3221,14347,7805,12397,22629,6343,5382,19129,6250,3866,2196,3170,11107,8006,1090,3647,27047,6210,522,3207,3481,5127,3480,5149,8949,22628,9684,2662,2030,7879,17432,2824,4256,2831,9064,9474,11672,6962,8126,12598,3727,1633,2408,4500,2347,2993,16513,8638,16982,2786,3191,8657,8961,28025,6276,7640,21790,7769,100594,1611906,305909,119267,75707,93347,44102,45047,34128,6095,27903,1679,8557,9777,6983,5554,11182,15521,3142,28107,28066,41697,17456,25123,6313,14768,6295,3697,7266,21538,3114,14283,7790,11957,23500,6260,5898,21734,6861,2248,1958,3008,11355,8129,1365,3683,25900,6293,537,3006,3258,5032,3443,5080,9106,21797,11451,2199,1997,8103,17187,2793,4165,2913,9355,8336,13056,7296,9229,13156,3996,1777,2479,4641,2467,3149,16210,7542,18220,3017,3808,10519,9107,30027,7163,7483,20111,12632,105501,1587866,290816,120095,72171,91257,43179,44426,31834,6251,27043,1221,8080,10860,5732,5280,12388,14813,2975,28212,27066,40659,17726,26263,6513,14135,6486,3752,7391,21502,2975,14351,7454,11544,25466,5489,6815,21374,6220,2648,2130,3029,10716,8392,1162,3739,25572,6155,500,2702,3516,4895,3024,6115,9122,21344,10933,2014,2028,7853,17926,2920,4592,2905,8551,8053,12274,6803,8324,12755,4076,1481,2323,4843,2250,3070,16132,8121,18004,2797,3731,9915,10146,30522,5572,8168,20484,19592,104133
강력범죄,소계,27274,7474,1936,999,1880,803,799,485,84,391,29,116,116,136,119,129,238,47,478,461,672,243,482,89,323,62,61,131,303,38,265,104,181,264,83,46,228,112,49,30,46,157,126,21,64,446,114,7,51,59,76,69,75,126,325,107,30,26,104,289,43,53,42,146,136,127,96,105,193,55,23,35,68,20,34,217,124,202,28,48,128,155,399,48,92,352,30,1471,26787,6974,1712,1130,1743,792,848,496,106,400,21,144,103,109,89,124,241,62,460,487,637,254,427,83,277,85,66,97,302,42,255,110,162,268,89,60,212,138,46,26,48,168,107,20,76,432,94,6,53,64,62,55,66,165,343,120,38,32,113,342,36,74,44,165,142,130,125,99,159,60,30,38,62,31,35,196,136,196,47,39,112,139,374,260,110,322,42,1503,26476,6977,1716,1095,1749,753,802,516,68,381,20,137,102,118,92,134,241,65,497,436,629,260,416,86,234,82,75,133,300,36,256,118,159,246,87,67,243,121,39,28,38,197,118,31,69,418,90,8,44,46,74,66,81,142,328,149,30,35,119,347,49,61,57,182,135,101,123,111,176,57,37,44,64,40,53,191,95,182,42,37,111,125,413,58,118,358,50,1462,24332,6246,1593,917,1524,629,732,502,91,341,19,119,87,87,99,143,202,62,469,415,620,273,396,93,250,94,65,112,230,37,245,123,130,273,81,68,243,131,41,24,39,135,109,24,60,389,93,10,51,37,72,51,77,118,342,120,34,31,96,305,44,59,46,138,114,143,115,109,149,48,24,35,69,43,36,193,110,172,41,42,127,148,386,66,103,347,43,1383
강력범죄,살인기수,301,50,21,16,11,3,8,5,1,4,-,1,1,-,-,1,1,-,2,4,2,2,4,1,2,-,2,-,7,-,2,2,3,1,-,1,5,1,2,2,1,1,3,-,4,6,3,-,-,-,2,1,-,3,7,4,-,-,1,3,-,-,-,2,1,1,-,3,6,2,-,2,1,1,1,2,3,3,-,2,2,1,9,1,-,4,1,46,309,45,26,9,23,10,4,9,2,3,-,1,2,2,-,1,3,2,4,7,7,2,2,-,2,-,2,1,5,-,1,1,2,4,2,3,6,2,1,1,-,3,3,2,1,8,1,-,-,1,1,1,1,2,3,4,-,-,1,5,1,1,-,2,-,4,-,-,3,-,1,-,-,-,1,5,2,4,-,1,2,4,4,-,3,5,-,32,297,45,22,14,20,11,7,10,2,5,-,1,-,1,1,6,6,1,5,2,5,1,2,3,1,3,-,3,3,1,3,1,-,3,2,-,3,1,-,-,3,1,-,-,-,4,1,-,-,3,2,-,-,2,3,3,-,2,8,4,1,-,1,-,1,2,2,2,3,-,1,-,1,-,1,3,2,2,1,-,1,2,8,-,1,7,1,24,308,50,21,15,12,7,9,6,4,4,-,1,3,-,3,2,1,1,5,5,10,5,3,2,1,2,2,1,3,-,5,-,5,6,-,-,4,-,1,1,1,4,5,-,1,1,2,1,-,1,-,-,-,2,2,2,1,1,2,4,2,2,3,-,2,3,1,1,-,-,-,1,2,1,1,3,2,7,-,2,4,4,4,-,3,5,4,21
강력범죄,살인미수등,524,91,41,30,24,6,14,12,5,5,-,-,5,4,2,2,8,-,1,15,12,4,16,1,2,1,-,6,3,-,4,6,3,7,2,1,10,2,1,-,3,4,3,1,2,9,3,-,-,3,1,1,1,4,9,2,2,1,5,4,-,-,2,6,4,3,-,2,3,2,1,1,1,-,1,-,4,5,-,2,3,8,6,2,2,12,-,50,488,97,27,21,21,8,11,2,3,10,-,1,4,2,3,1,4,-,8,10,9,7,6,3,4,3,3,4,7,2,8,1,7,5,2,1,10,-,-,1,1,-,-,-,2,13,1,-,-,4,-,1,-,7,5,1,-,3,4,9,2,1,2,2,4,5,3,4,3,1,1,1,-,1,-,8,3,3,4,1,3,2,18,3,2,6,2,36,482,89,42,27,28,5,11,9,1,6,1,-,1,-,3,4,8,1,10,2,11,2,8,2,4,2,-,-,6,-,2,1,5,5,8,-,11,2,1,-,-,-,5,-,3,10,4,-,-,4,3,1,1,5,10,2,1,1,3,8,-,1,2,3,3,-,1,1,2,2,-,2,1,2,-,2,2,-,2,3,3,2,10,3,3,9,2,42,416,88,30,13,25,3,9,6,4,2,-,2,1,1,-,-,4,-,6,7,5,8,8,4,3,3,2,1,4,1,5,1,3,5,1,-,4,2,1,1,-,1,1,2,2,3,2,-,1,3,3,2,2,5,6,1,3,2,2,4,2,-,-,-,2,4,-,1,4,1,-,-,2,-,2,4,7,6,-,6,2,1,13,-,2,4,1,44
강력범죄,강도,967,167,102,37,73,33,41,25,3,14,1,1,4,4,4,3,7,4,13,14,25,8,17,3,13,3,-,5,12,3,15,2,6,9,5,1,6,6,3,-,1,7,5,-,4,11,5,-,1,3,2,1,-,8,15,5,1,-,7,11,-,2,1,5,4,5,4,11,8,3,-,1,1,1,1,17,4,8,2,1,7,4,21,4,2,33,3,35,821,139,86,44,37,27,51,26,5,7,-,7,3,5,-,4,3,2,20,16,20,10,10,3,3,-,-,9,1,2,10,-,5,14,6,-,5,3,-,2,1,2,3,-,4,15,2,-,1,1,6,1,-,7,19,3,1,3,6,11,-,3,1,10,2,3,4,7,7,4,-,-,1,2,2,6,3,10,2,3,4,5,19,3,1,9,4,35,798,133,81,31,60,27,25,27,-,8,-,5,5,3,2,1,7,1,12,13,19,15,13,5,7,1,13,7,7,-,4,1,4,12,4,1,7,4,2,-,2,8,3,4,4,22,2,-,3,-,1,-,1,12,13,7,-,2,2,10,1,-,4,8,1,3,3,5,4,2,-,-,1,2,3,4,2,9,-,-,6,3,10,4,7,14,5,34,663,141,38,33,45,24,14,14,2,10,-,4,-,2,3,7,8,5,16,15,9,6,16,4,5,4,2,1,6,-,7,1,4,12,1,2,4,8,-,1,2,7,1,-,3,9,3,1,-,-,3,2,1,15,14,2,-,4,-,9,1,1,2,5,-,4,-,1,5,-,-,1,1,1,-,6,-,4,-,-,7,8,16,2,3,11,1,33
강력범죄,강간,5223,1155,334,201,352,203,176,97,17,77,4,22,19,24,27,18,36,8,87,93,128,55,108,29,61,11,8,21,32,5,50,18,36,56,23,5,39,26,9,6,14,34,25,10,14,110,27,-,10,9,13,18,20,25,78,17,6,12,28,70,14,21,6,32,37,33,19,16,53,12,5,9,20,5,7,54,27,38,6,10,29,28,84,7,17,79,6,333,5293,1159,323,246,362,197,175,108,25,77,1,20,19,18,18,25,37,12,83,99,136,48,85,22,77,17,11,21,52,13,41,23,31,54,22,8,27,27,11,5,14,38,16,5,14,90,18,2,15,19,6,14,14,36,91,24,11,5,21,79,12,22,12,44,33,25,32,21,40,17,2,6,14,8,10,48,30,31,12,7,29,31,66,8,25,78,10,353,5310,1254,297,215,327,185,173,106,12,75,-,24,18,19,20,28,37,13,92,92,140,69,90,15,39,13,11,22,55,3,57,20,39,37,16,12,47,23,10,9,12,51,17,9,8,83,17,4,7,15,21,23,18,21,83,25,5,6,25,84,10,14,17,45,31,20,36,27,51,17,9,10,12,11,10,51,22,36,12,9,25,28,92,8,16,83,15,345,5313,1279,306,213,338,158,180,103,27,81,4,21,23,17,23,33,40,16,81,79,144,63,87,18,54,23,14,30,46,8,55,24,27,64,19,9,56,28,11,4,8,34,16,9,13,98,24,1,21,10,18,14,15,20,86,21,8,9,24,58,12,11,8,38,25,30,32,20,34,19,9,13,12,11,7,52,21,40,11,9,29,37,93,13,18,77,21,298
강력범죄,유사강간,636,144,43,26,44,23,33,2,-,5,-,2,5,2,5,3,5,1,4,10,14,12,19,3,2,1,-,1,4,2,7,1,2,7,-,3,3,2,1,1,-,4,4,1,2,16,1,-,-,2,4,-,2,3,5,6,-,2,3,12,1,2,4,9,-,3,4,2,3,2,1,1,2,-,-,10,3,3,-,-,3,1,11,-,3,3,2,54,776,180,46,29,44,24,20,11,4,14,1,6,3,-,3,2,8,2,16,15,20,4,16,1,2,3,-,3,14,-,5,-,1,7,2,-,7,4,1,1,4,6,5,1,2,13,2,-,4,4,2,1,-,5,15,6,-,-,5,15,1,2,3,7,4,5,7,4,3,1,2,3,2,1,-,6,12,4,1,-,2,5,19,-,4,14,1,54,782,171,48,39,46,24,30,22,1,9,-,6,3,1,5,3,3,-,11,8,23,10,16,2,7,2,1,6,11,3,9,4,9,7,3,3,9,4,-,2,-,11,5,2,6,10,3,1,4,-,-,2,1,3,7,1,3,-,2,8,1,3,2,6,3,1,8,2,7,2,2,2,2,-,1,5,5,8,1,-,4,8,11,2,4,3,2,57,823,197,63,28,45,19,25,18,2,12,-,5,7,3,7,3,6,1,15,8,16,14,17,2,9,-,1,1,8,2,12,-,5,11,1,5,13,1,-,1,-,2,9,1,3,6,5,1,3,1,1,3,4,4,7,11,1,-,2,11,-,-,2,6,7,7,4,3,12,1,-,1,1,2,3,6,9,5,-,4,4,7,8,1,3,15,1,53
강력범죄,강제추행,17947,5582,1282,610,1282,490,481,302,53,258,24,83,68,98,75,99,161,30,342,298,454,150,288,43,231,42,45,91,226,27,161,70,117,163,48,33,147,62,30,20,25,90,74,7,28,266,66,5,38,33,38,46,46,71,179,61,19,8,48,177,22,25,24,72,78,69,64,60,101,26,12,18,40,11,16,125,78,126,17,28,74,91,250,31,65,206,18,809,17053,5002,1083,693,1160,481,532,301,61,260,17,103,61,81,62,83,165,34,298,319,399,167,281,48,174,50,44,53,197,23,167,73,102,157,42,44,143,94,32,11,26,106,72,11,45,260,63,4,26,25,38,31,40,97,179,67,21,19,64,208,15,40,24,88,85,77,66,51,92,30,17,24,41,18,19,114,73,124,21,23,60,85,218,31,64,193,24,837,17120,4981,1111,696,1181,453,492,308,49,248,18,93,66,84,55,87,160,45,349,295,404,145,261,53,162,56,47,86,205,26,158,85,91,154,47,48,147,76,25,16,20,121,78,15,38,260,50,2,24,16,37,36,48,86,190,98,16,21,71,218,29,37,26,105,88,65,66,63,92,30,18,27,37,22,34,108,58,116,22,23,61,74,257,34,74,216,23,807,15344,4211,1038,552,979,390,449,320,48,205,14,82,46,61,59,88,124,36,321,274,406,162,253,59,165,53,36,75,153,25,149,87,76,152,50,49,153,89,26,14,23,76,68,11,33,246,49,4,24,19,38,28,50,67,203,71,18,14,59,199,24,37,29,73,71,90,72,70,76,21,14,16,46,20,20,114,66,101,27,18,64,80,228,45,63,216,14,800
강력범죄,기타 강간·강제추행등,304,60,23,8,13,10,9,9,2,1,-,2,4,-,-,1,1,1,3,11,7,3,6,4,2,1,3,4,3,-,3,3,3,3,-,-,2,2,-,-,-,4,2,-,1,3,4,-,-,2,1,-,-,-,6,1,-,-,-,1,-,3,1,2,1,3,1,2,3,1,-,-,-,1,1,3,2,4,-,2,-,2,4,2,-,3,-,31,356,59,13,19,19,18,9,8,2,5,1,-,2,1,-,1,-,2,5,4,11,2,6,1,3,2,1,1,3,1,4,4,3,2,1,-,-,1,-,2,-,3,1,-,1,4,3,-,1,-,1,1,5,-,5,1,2,1,2,2,3,3,-,6,6,3,3,5,4,-,2,3,3,-,1,3,5,4,1,-,3,-,6,1,3,4,1,34,325,52,15,11,14,6,16,15,1,4,-,3,2,2,2,1,5,1,2,7,4,7,4,-,2,1,1,1,2,1,6,-,2,3,2,-,1,-,-,-,-,-,2,-,1,7,3,1,1,-,2,1,4,4,4,1,1,1,1,4,2,2,1,2,3,2,-,3,3,-,3,-,3,-,2,7,2,4,-,1,2,3,6,4,3,6,2,25,237,58,10,11,14,12,8,4,2,3,-,-,1,1,-,-,2,-,3,1,9,3,-,2,1,-,-,1,1,1,3,1,-,2,-,-,-,-,-,1,1,2,3,-,1,5,2,2,1,1,-,1,2,1,2,1,-,-,-,4,1,1,-,2,-,2,-,-,2,1,1,1,1,-,-,2,2,1,-,1,2,1,2,2,3,2,1,22
강력범죄,방화,1372,225,90,71,81,35,37,33,3,27,-,5,10,4,6,2,19,3,26,16,30,9,24,5,10,3,3,3,16,1,23,2,11,18,5,2,16,11,3,1,2,13,10,2,9,25,5,2,2,7,15,2,6,12,26,11,2,3,12,11,6,-,4,18,11,10,4,9,16,7,4,3,3,1,7,6,3,15,3,3,10,20,14,1,3,12,-,113,1691,293,108,69,77,27,46,31,4,24,1,6,9,-,3,7,21,8,26,17,35,14,21,5,12,10,5,5,23,1,19,8,11,25,12,4,14,7,1,3,2,10,7,1,7,29,4,-,6,10,8,5,6,11,26,14,3,1,10,13,2,2,2,6,8,8,10,7,7,7,5,1,1,1,2,6,8,16,6,4,9,7,24,214,8,13,-,122,1362,252,100,62,73,42,48,19,2,26,1,5,7,8,4,4,15,3,16,17,23,11,22,6,12,4,2,8,11,2,17,6,9,25,5,3,18,11,1,1,1,5,8,1,9,22,10,-,5,8,8,3,8,9,18,12,4,2,7,11,5,4,4,13,5,8,7,8,14,4,4,3,7,3,2,11,2,7,4,1,9,5,19,3,10,20,-,128,1228,222,87,52,66,16,38,31,2,24,1,4,6,2,4,10,17,3,22,26,21,12,12,2,12,9,8,2,9,-,9,9,10,21,9,3,9,3,2,1,4,9,6,1,4,21,6,-,1,2,9,1,3,4,22,11,3,1,7,16,2,7,2,14,7,3,6,13,16,5,-,2,4,8,3,6,3,8,3,2,15,10,22,3,8,17,-,112
절도범죄,소계,183757,41144,15807,8310,9216,4821,6216,3578,582,2488,202,1053,849,800,763,916,1359,350,4075,3131,5494,1293,2904,618,1809,509,408,830,2317,207,1603,622,1028,2069,505,507,2087,674,206,226,308,1407,1067,111,479,3205,781,42,533,448,555,315,664,1424,2854,1038,164,260,916,1953,278,356,272,960,810,841,1053,981,1566,366,154,268,480,206,331,2016,979,2264,286,235,824,1641,3561,480,864,2359,19,9207,176809,39182,14373,8169,9473,4832,5540,3349,588,2262,175,1027,812,833,658,1010,1274,329,3715,3126,5381,1714,3025,620,1662,475,414,870,2201,216,1723,781,1112,2060,563,546,1935,658,168,224,228,1065,878,77,308,3333,769,60,371,460,573,278,595,1164,3252,1025,161,248,979,2212,311,321,305,994,740,809,981,832,1360,366,142,245,408,194,364,1702,795,2408,246,206,984,1723,3377,412,858,2124,49,8442,186957,42224,14497,9249,10134,4922,5855,3215,849,2399,190,1061,764,831,654,977,1504,352,3706,3250,5180,1769,2971,651,1745,465,420,927,2345,277,1604,829,939,2185,523,737,2151,726,171,127,287,1302,879,90,386,3429,833,72,372,437,544,338,467,1298,3328,929,219,205,1095,2202,363,374,369,1162,782,921,1085,1023,1530,416,169,287,459,240,358,2002,822,2205,300,273,1278,1605,3699,466,907,2325,31,9419,179517,38296,14189,8675,8991,4939,5259,3116,876,2174,127,1093,808,618,713,1186,1353,266,3550,3021,4868,1778,3007,789,1822,503,395,890,2587,238,1507,775,987,2058,414,823,1898,640,185,140,281,1150,945,75,373,3211,790,59,277,425,526,325,590,1201,2865,1019,216,207,1077,2196,358,408,414,1062,907,872,1020,892,1787,431,166,342,444,216,380,1963,833,2441,314,407,1340,2050,3902,478,1155,2270,24,9279
폭력범죄,소계,293086,59401,20497,13690,19410,8367,8810,7359,716,4890,251,1781,1834,1437,1283,1305,2997,692,5097,5165,7919,2876,5273,1134,3596,1252,735,1474,3634,494,3331,1455,1851,3920,1126,760,3231,1765,664,458,745,2929,1584,295,691,4879,937,77,420,629,758,414,948,1896,3997,1622,429,445,1483,3124,537,728,382,1927,1713,1959,1589,1148,1922,669,360,367,948,432,485,2793,1565,3098,453,634,1295,1679,5358,877,1450,3853,124,14509,287611,56090,19907,13374,19350,8266,9206,6797,711,5024,211,1626,1866,1551,1199,1939,2982,674,5136,5227,8071,2848,4791,1129,3245,1327,641,1551,3341,500,3296,1615,2104,4119,987,944,3459,1527,609,538,760,2167,1433,266,600,4935,947,84,500,584,758,407,1114,1975,4022,1609,412,379,1690,3037,502,777,435,1889,1531,2052,1518,1091,1784,692,335,382,834,431,487,2589,1164,3043,431,605,1324,1627,5428,905,1468,3924,180,14726,287913,54688,20668,13387,19663,8683,8213,6062,873,4808,213,1723,1853,1575,1179,1807,2702,615,5250,4919,7871,3365,5103,1192,3082,1185,633,1677,3669,470,3465,1559,1968,4344,1056,1003,4253,1389,556,474,694,1796,1466,295,588,4686,959,94,475,550,732,484,994,2013,3424,1657,388,352,1613,2988,498,758,415,1960,1689,2024,1654,1257,1938,825,367,428,850,523,518,2771,1348,3220,478,665,1694,1671,5362,869,1304,3843,289,15252,265768,48308,19086,12278,17798,7360,8272,5523,873,4314,148,1650,1885,1075,1000,1860,2514,607,5084,4238,7016,3028,4819,1268,2750,1229,701,1342,3293,464,3099,1366,1941,4123,866,1130,3924,1290,470,381,718,1625,1340,244,625,4490,871,79,466,532,765,475,924,1869,3025,1531,426,345,1410,3075,538,729,465,1651,1480,1540,1361,1115,1797,874,306,369,1079,429,543,2400,1482,2761,481,652,1662,1896,5197,931,1344,3997,365,15116
폭력범죄,상해,44611,6016,4220,2781,2074,1171,1165,1409,152,540,27,156,175,151,114,185,322,96,540,622,842,263,453,140,401,120,127,182,379,41,251,209,272,536,183,92,471,429,197,92,158,440,341,88,115,794,200,23,148,145,180,137,208,356,617,287,61,88,164,564,111,174,77,312,377,288,222,279,358,177,94,102,205,133,115,572,472,608,146,138,325,358,1151,302,402,582,31,3790,39766,5119,3709,2520,1839,1039,1012,1127,130,480,27,164,149,144,104,159,327,104,470,606,683,286,424,160,345,146,89,174,313,49,238,212,320,591,145,118,427,241,150,106,137,324,288,68,112,697,186,18,136,112,147,105,232,335,534,279,70,74,215,583,109,179,81,270,314,264,214,215,277,143,76,98,187,89,74,520,305,542,128,164,286,328,986,270,331,559,26,3633,36858,4598,3450,2233,1634,1013,948,1027,143,390,23,193,142,143,98,178,255,69,393,612,629,296,452,147,289,133,88,165,249,51,250,149,265,556,157,78,414,254,120,91,105,329,281,58,101,693,165,21,130,130,172,112,193,277,510,263,62,61,184,458,95,173,54,293,320,298,215,233,300,109,79,103,160,129,80,501,288,484,140,165,291,319,964,267,283,494,27,3314,32904,3858,2935,1971,1594,822,867,944,139,337,15,169,146,111,86,203,291,65,433,535,513,275,417,149,290,93,87,137,250,42,226,111,177,523,131,75,371,212,75,61,122,276,252,59,127,591,125,20,117,127,161,102,157,267,381,219,72,57,158,413,115,148,85,193,265,283,178,223,281,90,72,91,167,93,88,429,292,424,132,140,253,303,866,237,295,458,13,3151
폭력범죄,폭행,159641,36312,10174,6885,11586,4856,5256,3863,285,2917,150,1165,1160,898,778,627,1698,375,2808,2959,4474,1596,2946,656,2178,746,362,796,2113,304,2133,826,976,2111,591,411,1662,821,272,238,375,1651,764,120,319,2544,362,25,133,282,297,141,381,889,2054,851,251,224,909,1649,262,337,198,1086,835,1114,897,472,821,282,171,132,457,172,232,1283,650,1585,140,304,602,796,2732,326,531,1977,19,6043,159267,34321,10409,6821,11711,5004,5713,3757,301,3056,122,980,1122,967,712,1181,1694,331,2859,3007,4658,1551,2664,628,1877,797,337,896,1919,280,2134,892,1025,2182,518,500,1896,834,271,287,423,1143,653,120,281,2548,408,36,190,295,330,155,494,1052,2094,824,232,189,954,1647,235,357,214,1009,737,1216,818,514,884,306,160,149,404,166,252,1234,508,1641,144,253,628,820,2882,376,588,2041,46,6403,157197,32893,10915,6842,12212,5207,4723,3087,377,2808,123,998,1044,944,708,1077,1440,349,2944,2765,4643,1844,2917,681,1792,671,324,955,2022,269,2227,861,986,2356,501,581,2465,671,243,228,368,789,672,128,275,2291,396,40,175,218,315,190,454,990,1613,918,206,177,926,1707,229,339,206,950,842,1081,882,612,846,416,178,190,416,196,242,1308,675,1691,143,318,896,765,2763,374,501,1849,51,6697,139361,27785,9975,6060,10460,4252,4659,2748,345,2432,75,915,1051,638,571,969,1157,313,2728,2199,3977,1517,2726,665,1423,695,325,686,1777,243,1952,712,1065,2166,439,657,2124,671,208,172,373,675,591,100,248,2257,361,23,156,187,311,158,401,878,1298,801,229,166,876,1631,245,348,188,860,707,674,706,508,748,458,125,133,525,172,233,1118,713,1377,158,313,796,928,2625,385,511,2068,32,6455
폭력범죄,체포·감금,1439,258,68,65,210,38,43,22,6,25,1,5,11,4,5,6,18,3,16,27,27,13,29,5,6,8,7,1,15,2,14,14,13,19,5,2,11,7,4,1,6,12,3,2,2,36,5,-,3,1,3,4,3,9,30,9,2,4,10,19,2,8,2,13,6,4,3,4,9,2,1,3,6,1,3,13,7,12,2,5,7,1,13,2,3,16,1,93,1207,202,78,53,117,38,36,19,2,23,-,5,9,2,3,7,21,1,18,15,33,7,24,6,15,4,5,5,20,2,23,9,15,16,3,7,11,3,1,1,1,10,2,1,6,32,3,-,3,1,4,-,2,13,33,8,1,2,6,12,2,5,4,8,9,5,5,5,8,3,-,1,-,4,-,11,5,7,3,2,7,3,23,2,3,19,-,64,1243,192,59,62,117,52,33,37,-,16,1,10,6,8,6,6,19,-,14,21,22,10,19,5,8,4,4,7,22,1,19,3,14,27,8,3,28,10,1,1,1,8,5,4,6,21,2,-,-,1,4,3,-,11,23,5,-,2,12,8,4,3,5,7,5,8,9,8,11,4,3,-,3,3,1,9,5,19,-,7,7,3,15,1,1,25,2,84,1209,215,78,50,105,30,32,37,3,23,2,5,11,3,1,7,17,5,11,16,30,11,20,2,11,8,6,9,18,3,16,5,10,24,4,-,16,6,4,-,2,2,9,1,4,27,2,-,2,-,3,3,2,11,32,11,2,2,4,14,1,4,2,10,5,5,6,6,3,1,2,1,10,1,5,10,7,15,2,1,10,6,17,1,5,14,7,65
폭력범죄,협박,15499,2923,1010,688,928,362,503,420,52,303,19,81,104,61,51,80,183,39,276,348,528,213,370,47,182,65,48,73,220,39,159,64,105,232,65,41,200,73,30,19,32,136,68,5,42,263,47,4,28,47,54,22,50,100,206,91,29,23,68,160,33,38,24,80,94,104,82,48,129,46,19,30,51,22,18,122,63,127,27,54,67,88,207,49,82,243,21,852,17200,3089,1104,741,1085,368,602,299,69,319,14,95,152,86,80,113,176,37,330,375,551,201,397,52,226,83,56,108,245,39,202,105,144,273,44,55,218,64,36,29,34,124,87,6,34,309,49,6,54,38,43,21,61,127,236,80,20,24,88,167,33,69,44,128,86,114,89,41,86,39,23,36,51,25,34,87,89,143,38,40,89,92,303,45,86,284,40,1096,21022,3803,1450,921,1287,542,660,384,92,399,23,141,178,82,89,121,212,22,454,399,635,261,393,97,218,112,55,145,324,47,214,126,160,316,88,95,268,75,34,38,57,141,111,26,53,374,84,5,48,39,49,34,53,158,270,75,26,25,83,191,50,48,31,148,127,165,131,72,129,90,28,35,81,34,32,142,104,179,51,47,123,137,327,56,89,346,62,1296,21214,3896,1406,925,1318,484,707,365,92,415,13,144,192,69,85,164,232,25,418,376,587,317,407,106,234,112,80,114,290,51,175,124,125,392,73,95,334,94,32,40,54,156,114,23,49,345,73,6,52,43,59,42,75,169,268,91,33,29,80,167,46,67,45,123,124,120,101,64,132,80,15,37,99,36,44,120,102,185,40,56,159,115,321,85,93,378,79,1312
폭력범죄,약취·유인,206,49,18,8,15,3,6,8,-,4,-,1,3,1,-,1,3,-,4,2,10,2,4,-,6,1,1,-,4,1,3,-,1,1,1,1,-,-,-,-,1,-,-,-,-,1,2,-,-,-,1,1,-,2,1,-,-,-,2,2,-,-,1,2,-,1,-,-,6,-,1,-,-,-,-,-,1,4,1,-,-,2,2,-,-,1,1,8,187,48,11,5,15,3,2,2,-,4,-,3,1,2,3,1,-,1,4,3,4,3,-,-,3,1,-,2,5,-,1,1,2,4,-,-,-,-,-,1,1,1,1,-,-,3,1,-,1,-,1,-,-,3,1,1,-,-,1,1,1,3,-,1,1,1,-,-,2,1,-,-,-,-,-,3,1,3,1,-,-,-,4,-,-,3,1,10,250,60,16,2,11,4,5,2,1,13,-,2,-,-,-,1,4,2,6,2,4,5,5,-,3,2,2,3,6,1,3,1,4,3,2,2,4,2,-,2,-,4,1,-,-,6,1,-,-,1,-,1,1,2,2,-,-,-,1,1,-,-,-,5,-,-,-,-,4,-,-,-,-,-,-,-,1,-,-,-,2,1,7,-,2,3,1,18,210,53,11,2,13,4,5,5,1,12,-,-,-,2,1,-,2,1,7,2,4,2,6,-,1,1,-,-,1,2,1,-,6,3,1,1,3,-,-,-,2,-,-,-,1,5,2,-,1,1,-,-,-,3,2,1,-,-,3,-,-,3,-,1,-,-,-,-,-,1,-,-,1,1,-,2,2,1,-,-,-,1,5,1,2,4,4,7
폭력범죄,폭력행위등,11255,2119,940,441,773,373,278,264,35,188,9,59,59,55,48,32,110,31,230,207,335,131,228,21,136,32,27,65,107,15,60,65,73,178,35,37,146,63,43,19,32,80,53,13,16,141,31,2,14,21,30,17,33,116,165,102,8,25,63,175,34,33,15,59,98,59,34,54,86,27,9,18,26,18,19,135,59,123,13,17,76,75,193,42,57,133,6,533,9204,1697,696,397,693,300,202,248,22,158,3,54,38,51,38,53,91,30,175,158,263,76,198,19,90,24,19,66,74,12,79,63,55,124,47,27,117,40,29,14,25,61,53,11,14,126,40,5,17,14,32,19,36,76,127,73,12,17,81,143,28,23,15,67,55,59,41,43,66,27,7,9,24,17,15,110,38,73,13,21,47,45,204,37,53,103,7,435,8350,1547,629,371,565,254,226,194,26,141,4,40,38,46,33,39,61,22,149,135,196,84,157,18,97,26,14,41,80,10,87,50,58,114,42,21,127,39,32,18,20,60,58,9,11,122,28,1,11,10,20,21,20,73,109,66,9,8,50,145,24,19,10,100,55,54,47,41,63,26,8,11,13,28,12,134,34,81,18,22,58,38,146,37,50,120,6,413,7398,1187,593,285,509,243,209,189,28,111,3,47,24,19,27,49,75,39,131,120,139,82,139,20,77,12,15,35,49,9,76,41,43,107,32,30,112,36,31,12,22,38,36,8,7,115,17,-,23,15,24,29,23,77,100,82,10,17,29,135,18,19,33,73,43,48,36,35,65,34,8,6,26,14,15,114,44,72,10,18,65,59,158,40,45,102,12,394
폭력범죄,공갈,4152,739,360,177,368,90,96,76,16,80,1,13,23,9,9,28,44,9,130,76,143,26,61,11,83,13,10,16,66,3,23,12,28,29,19,11,45,19,3,8,4,17,13,3,6,68,10,-,6,6,10,7,14,16,50,19,11,-,11,57,7,12,12,15,26,16,10,13,50,6,5,5,11,6,11,57,32,61,10,9,13,20,93,6,20,37,41,247,4096,769,373,143,320,99,142,81,11,81,2,24,17,18,7,21,54,16,99,61,125,39,47,11,37,13,8,9,40,5,23,15,40,28,16,8,70,12,3,9,6,22,18,1,10,71,12,-,7,3,10,10,26,14,68,23,2,5,8,41,5,4,15,21,26,22,17,10,56,9,2,5,11,10,13,46,16,69,8,3,18,27,63,12,20,54,50,231,4847,959,343,161,366,110,142,75,13,61,3,14,42,15,17,24,60,15,114,66,139,51,58,11,85,7,18,28,71,4,28,11,31,50,12,9,53,24,3,12,14,26,27,2,7,95,19,2,9,9,4,10,19,20,45,26,4,2,18,69,15,15,8,18,17,30,12,18,74,27,7,2,12,19,12,48,16,98,5,6,33,18,102,12,24,62,130,275,5281,879,354,181,426,90,161,80,24,89,2,18,26,8,15,40,56,12,111,60,141,46,78,13,55,15,19,31,67,12,48,14,31,58,7,28,101,13,5,6,4,19,34,3,10,139,19,1,16,10,11,8,20,19,73,36,8,5,18,83,7,14,9,28,42,27,14,17,70,25,2,9,21,14,8,32,32,70,7,11,31,90,128,14,20,63,208,312
폭력범죄,손괴,56283,10985,3707,2645,3456,1474,1463,1297,170,833,44,301,299,258,278,346,619,139,1093,924,1560,632,1182,254,604,267,153,341,730,89,688,265,383,814,227,165,696,353,115,81,137,593,342,64,191,1032,280,23,88,127,183,85,259,408,874,263,67,81,256,498,88,126,53,360,277,373,341,278,463,129,60,77,192,80,87,611,281,578,114,107,205,339,967,150,355,864,4,2943,56684,10845,3527,2694,3570,1415,1497,1264,176,903,43,301,378,281,252,404,619,154,1181,1002,1754,685,1037,253,652,259,127,291,725,113,596,318,503,901,214,229,720,333,119,91,133,482,331,59,143,1149,248,19,92,121,191,97,263,355,929,321,75,68,337,443,89,137,62,385,303,371,334,263,405,164,67,84,157,120,99,578,202,565,96,122,249,312,963,163,387,861,10,2854,58146,10636,3806,2795,3471,1501,1476,1256,221,980,36,325,403,337,228,361,651,136,1176,919,1603,814,1102,233,590,230,128,333,895,87,637,358,450,922,246,214,894,314,123,84,129,439,311,68,135,1084,264,25,102,142,168,113,254,482,852,304,81,77,339,409,81,161,101,439,323,388,358,273,511,153,64,87,165,114,139,629,225,668,121,100,284,390,1038,122,354,944,10,3155,58191,10435,3734,2804,3373,1435,1632,1155,241,895,38,352,435,225,214,428,684,147,1245,930,1625,778,1026,313,659,293,169,330,841,102,605,359,484,850,179,244,863,258,115,90,139,459,304,50,179,1011,272,29,99,149,196,133,246,445,871,290,72,69,242,632,106,126,103,363,294,383,320,262,498,185,82,92,230,98,150,575,290,617,132,113,348,394,1077,168,373,910,10,3420
지능범죄,소계,302466,70294,23726,13206,16147,8401,8434,6426,1131,5561,310,1574,1602,1223,1264,2352,2422,641,6185,5016,7973,2507,4778,980,3197,981,582,1188,3946,469,2774,967,2570,3384,1034,884,2928,1090,319,326,495,1977,1188,146,569,4735,959,78,438,855,1005,614,1062,1366,4131,2206,361,513,1560,3392,445,691,454,1531,1186,1371,1017,1487,2998,427,282,273,912,519,582,2891,1810,3025,574,471,1593,1766,6672,841,958,3928,1831,15489,344698,74668,27672,15021,19366,8977,9819,7423,1324,6572,342,1739,1996,1184,1320,2639,2730,795,6970,5463,8723,3255,5121,1140,3635,1268,677,1223,4351,687,3098,1249,2814,4666,1170,862,3668,1086,347,344,530,2166,1501,141,724,5256,1125,125,619,797,1038,701,1014,1814,4992,2461,368,417,1743,3684,551,748,478,2096,2800,1820,1077,2224,3179,684,269,374,971,515,629,3319,1687,3668,604,610,2156,1953,6551,1567,1196,4534,4557,17261,381533,78857,31357,18218,21318,9651,10876,7940,1735,7547,358,1876,2060,1418,1440,2973,3776,827,7578,6933,10117,3454,5602,1168,3695,1150,727,1201,5128,749,3374,1533,3325,4802,1337,1293,4317,1297,349,367,641,2558,1622,326,834,5515,1400,118,579,820,1115,736,1176,1810,5371,2424,452,456,1759,4132,583,732,565,1702,1550,1676,1359,2980,3791,752,331,455,1043,564,613,3425,1694,4987,743,794,2212,2188,7662,1344,1404,3948,8069,18800,424642,82443,36784,19812,24407,10777,12157,8561,1862,8093,308,1989,2750,1410,1441,3499,4071,828,8074,7584,10413,4465,6664,1265,3698,1420,771,1744,5602,801,3909,1646,3380,6161,1192,1835,5169,1324,297,530,665,2537,2066,281,760,6412,1559,157,633,1075,975,624,1153,1987,5992,2306,399,602,2225,5219,728,871,624,1866,1812,2592,1458,2652,3748,977,279,425,1001,532,667,4045,2215,5342,750,748,2524,2746,9151,1179,1451,4719,13860,18917
지능범죄,직무유기,504,116,32,10,12,24,10,15,12,4,2,-,2,4,-,2,3,1,2,8,11,6,4,-,5,1,4,-,2,1,-,-,2,5,2,1,9,4,2,1,2,5,7,1,1,1,3,-,5,2,-,-,2,3,4,3,1,-,1,5,3,1,1,4,4,2,1,5,2,-,-,-,3,1,1,4,2,9,2,-,4,5,5,-,-,2,2,76,581,147,44,22,20,15,13,9,16,9,3,2,1,1,-,2,5,1,2,7,13,14,8,5,2,2,6,1,3,1,6,-,1,7,5,1,6,2,-,-,1,7,6,-,2,2,2,-,5,-,4,2,-,1,8,4,1,1,1,10,5,-,-,2,3,4,2,5,1,1,-,1,4,-,-,4,-,3,1,-,-,2,7,3,2,2,2,68,590,143,68,21,18,17,14,8,15,11,-,-,5,4,-,3,1,-,3,4,8,6,5,1,2,1,1,2,4,2,1,2,3,2,1,2,3,4,1,-,1,3,5,-,-,9,4,-,3,2,1,2,1,1,5,3,2,-,-,2,7,1,-,3,3,5,1,2,2,3,-,-,10,-,-,2,1,-,6,2,3,3,15,-,4,3,4,80,730,166,54,39,32,17,12,12,6,10,4,-,4,7,-,4,3,2,2,10,16,4,-,2,5,1,3,2,13,10,5,1,2,7,-,1,8,5,2,-,3,3,3,-,-,6,2,-,1,3,-,-,1,-,6,3,2,1,2,9,3,3,-,-,2,2,1,2,1,4,2,2,5,1,2,2,-,4,9,-,5,1,18,1,4,4,14,122
지능범죄,직권남용,494,137,32,14,25,11,2,11,6,3,-,1,4,1,-,-,1,-,3,9,17,7,6,1,5,-,8,1,8,3,2,1,2,3,4,1,3,2,-,1,1,1,4,1,-,2,2,2,3,3,1,1,1,2,5,2,-,2,3,3,1,-,-,2,2,-,1,-,3,4,2,1,6,3,1,3,5,3,4,2,2,4,6,1,2,5,-,57,603,191,46,18,18,13,22,10,6,6,6,1,6,3,2,1,5,-,2,7,11,3,9,3,2,-,2,2,4,3,2,2,3,3,2,2,7,1,2,-,2,1,7,-,-,3,3,-,6,2,-,-,1,-,9,6,-,-,1,10,4,2,3,7,1,-,1,1,2,2,1,3,4,-,2,3,2,1,-,-,2,3,11,3,3,6,2,57,674,201,52,21,17,18,14,8,14,9,5,2,1,1,3,1,-,-,5,5,16,4,4,1,10,-,5,2,5,1,3,1,5,11,-,3,5,5,2,-,-,2,13,1,1,10,5,1,2,-,1,1,-,4,1,4,1,2,2,8,3,1,1,6,5,2,2,-,5,4,4,4,4,-,1,-,2,-,4,2,1,5,18,3,3,9,3,63,724,181,60,16,26,14,22,8,11,6,2,2,5,5,1,2,8,2,9,5,27,5,4,3,5,1,4,5,5,13,7,7,1,13,-,2,11,3,-,-,-,6,3,-,1,8,3,-,-,-,-,-,2,-,5,4,-,1,4,6,6,-,2,3,2,3,-,4,1,1,-,5,3,1,-,5,1,9,2,-,4,3,10,2,4,7,13,89
지능범죄,증수뢰,312,54,25,10,13,6,5,4,-,4,1,1,1,-,-,1,3,1,10,-,8,1,3,2,2,2,3,-,4,5,2,-,2,4,3,1,1,-,-,-,-,-,2,-,1,3,2,-,-,-,-,-,-,1,2,2,-,3,1,7,3,1,-,2,3,4,-,1,-,1,-,-,2,-,-,1,-,6,1,-,1,1,13,1,1,6,1,57,347,62,66,6,14,12,13,4,1,4,1,-,2,-,-,2,1,-,5,3,4,3,-,-,1,-,1,-,3,1,1,-,1,2,2,-,3,-,-,-,-,1,2,1,-,7,1,3,1,2,1,-,-,3,5,2,-,1,-,2,1,3,1,5,2,1,1,-,3,-,1,-,3,-,2,2,1,-,1,5,1,1,6,-,1,7,2,47,260,60,18,6,7,6,7,8,1,4,1,2,1,-,1,2,1,-,4,4,7,2,1,1,1,-,1,1,1,1,2,2,-,2,1,1,2,1,-,-,1,-,-,-,-,3,2,1,-,-,1,-,1,1,4,6,1,-,2,2,-,-,2,4,2,-,-,2,-,2,-,-,1,2,-,1,-,1,1,2,1,-,7,1,1,1,-,44,289,61,24,5,9,7,9,3,4,3,1,-,-,-,-,2,3,-,6,1,3,4,3,-,3,2,-,1,1,3,-,-,-,3,2,-,2,1,-,1,-,-,2,-,1,7,2,1,-,2,-,-,2,1,8,1,2,-,-,4,-,1,1,1,4,3,1,-,6,1,-,-,-,-,-,-,1,1,1,-,2,4,2,1,-,5,3,51
지능범죄,통화,2794,1146,76,40,152,27,97,24,9,65,11,11,16,30,3,8,53,6,39,98,64,7,26,15,47,15,9,5,36,3,42,27,20,30,9,16,22,10,-,1,4,33,27,3,11,35,16,-,7,11,13,3,8,15,27,7,4,-,10,7,2,2,-,6,3,2,4,1,6,5,2,2,3,10,-,7,-,6,-,1,4,2,10,1,5,16,5,133,1194,450,47,44,96,35,57,5,3,28,1,3,2,9,1,7,8,-,16,35,26,8,12,6,28,3,3,1,21,2,8,6,9,14,4,6,8,-,-,-,2,7,6,-,4,7,6,-,4,4,3,1,4,3,7,2,-,1,6,4,-,1,-,5,1,4,4,6,7,-,-,1,3,1,-,3,-,2,-,1,2,4,2,-,1,7,4,52,980,418,29,23,127,11,23,13,4,22,2,1,4,4,3,8,9,1,11,25,22,3,5,4,10,3,-,-,5,-,6,2,5,27,1,2,4,3,-,-,1,3,7,1,1,6,2,-,1,-,1,6,8,6,16,-,3,-,3,3,1,-,1,2,-,1,2,1,4,-,-,-,7,1,-,4,1,3,-,-,1,1,5,1,-,5,5,26,626,206,26,18,52,19,21,4,3,9,2,-,5,6,4,3,5,2,11,30,5,6,8,-,7,-,2,2,7,1,9,2,1,10,2,3,2,3,-,1,-,5,6,-,1,13,3,-,2,2,1,-,-,3,17,2,-,-,5,1,4,-,-,2,1,3,1,2,3,-,-,1,1,1,-,4,1,2,-,-,-,5,1,-,-,10,4,22
지능범죄,문서·인장,12452,2598,829,446,579,336,346,225,50,170,11,58,58,52,41,65,104,18,180,211,225,65,191,35,112,55,34,39,169,13,117,44,84,135,46,24,91,75,21,16,21,63,52,5,28,217,22,6,20,34,39,27,58,39,131,73,12,12,68,156,22,25,15,70,44,53,52,65,77,28,11,12,40,13,11,72,48,111,20,15,40,63,404,76,39,953,62,960,12290,2520,830,528,540,311,351,261,40,187,6,41,51,26,26,61,75,37,116,161,213,89,154,31,104,55,21,37,140,17,106,41,79,285,34,18,92,40,24,10,13,47,55,2,23,211,30,3,28,30,37,26,38,44,148,83,13,5,64,135,23,19,24,61,44,47,35,34,56,26,14,12,34,11,26,71,53,86,17,16,64,53,168,492,27,672,124,1188,11343,2415,913,561,612,316,317,214,49,184,13,40,67,43,31,75,109,28,150,180,237,102,181,36,103,28,26,28,153,17,93,34,89,105,38,15,95,49,11,8,22,88,60,8,18,199,53,4,22,30,43,27,39,64,125,128,24,12,61,158,28,25,28,70,58,59,44,53,71,20,19,16,43,19,30,72,45,105,31,24,71,86,237,34,31,116,160,798,11533,2360,873,455,613,363,345,209,68,234,11,36,91,27,26,63,124,27,185,154,254,86,195,39,78,42,22,24,159,25,95,45,75,133,30,46,80,28,17,10,20,65,65,13,21,203,39,6,24,45,39,20,34,63,148,99,26,18,62,173,22,25,28,72,58,69,45,55,88,22,21,22,23,17,22,97,59,139,28,31,70,76,242,29,19,157,310,757
지능범죄,유가증권인지,217,98,5,10,18,5,4,2,-,10,-,1,1,4,-,1,2,2,6,3,5,-,3,1,-,2,-,1,-,-,2,-,-,1,-,1,2,1,-,-,1,-,1,-,-,1,1,-,-,1,-,-,-,1,-,-,-,-,-,1,-,-,-,3,-,-,-,-,-,-,1,-,-,-,-,1,-,1,-,-,-,3,2,-,-,-,2,6,197,61,14,52,9,-,2,7,-,5,-,-,-,-,-,-,1,-,-,-,5,2,4,-,2,-,1,1,2,-,1,1,2,-,-,-,2,-,-,-,1,1,1,-,-,4,-,-,-,1,-,-,-,-,-,1,-,-,-,-,-,-,-,1,-,-,-,1,-,-,-,-,-,-,-,-,-,2,-,-,1,-,-,1,1,1,1,5,140,56,11,5,8,1,2,1,1,7,-,-,1,-,-,1,1,-,1,1,2,-,2,-,3,-,1,-,4,-,3,1,1,1,1,-,1,-,-,-,-,-,-,-,-,1,-,-,1,-,1,-,-,-,1,-,-,-,-,2,-,-,1,-,-,-,-,1,-,-,-,-,-,-,-,1,1,-,-,-,-,-,2,1,-,2,2,6,84,34,4,4,4,2,1,-,-,5,-,1,-,-,-,-,-,-,3,2,2,-,1,1,-,-,1,-,-,-,1,-,1,2,-,-,-,-,-,-,-,-,-,-,-,-,-,-,-,-,1,-,1,-,1,1,-,-,-,2,-,-,-,-,-,-,-,-,-,-,-,-,1,-,-,-,-,-,-,-,-,-,1,-,-,-,2,5
지능범죄,사기,231489,49935,19036,10495,12302,6450,6616,5198,785,3954,189,1091,1215,868,987,1714,1795,519,4927,3662,6250,2069,3636,742,2208,689,447,946,2868,374,1997,728,2085,2588,822,653,2196,847,259,259,402,1607,917,114,429,3862,742,60,339,740,812,503,851,1064,3202,1853,299,450,1315,2821,363,605,381,1234,946,1154,730,1132,2570,335,242,236,765,448,505,2499,1452,2424,484,385,1359,1504,5381,647,761,2415,1640,12109,270029,54270,22724,12040,15130,7084,7938,6233,1040,4794,248,1321,1592,896,1026,2027,2058,660,5505,4114,6813,2598,3918,903,2619,1030,542,920,3224,556,2290,963,2296,3686,971,634,2904,904,287,291,439,1841,1206,113,608,4282,937,105,467,678,877,609,841,1466,4041,2141,305,367,1496,3058,463,643,389,1747,1794,1129,862,1932,2818,576,219,316,818,463,524,2941,1303,3048,515,524,1841,1710,5522,930,971,3301,4170,13634,304472,57563,26061,14852,16201,7654,9171,6786,1352,5489,228,1504,1669,1125,1180,2381,3030,698,6182,5429,8195,2727,4367,940,2785,911,603,949,4007,620,2549,1297,2707,4009,1121,1016,3494,1034,294,314,528,2158,1342,287,723,4646,1161,94,464,700,941,603,985,1436,4297,2075,366,398,1485,3423,474,577,436,1333,1204,1306,1032,2638,3413,614,267,393,861,507,513,3016,1397,4316,621,626,1899,1856,6456,1176,1143,3184,7522,15086,347675,62317,31488,16730,19258,8613,10368,7492,1540,5990,224,1540,2243,1075,1154,2862,3262,692,6570,6094,8543,3763,5462,977,2795,1143,637,1495,4504,661,2961,1379,2809,5324,995,1472,4281,1064,252,487,564,2207,1769,245,649,5446,1348,135,524,947,776,518,978,1600,4977,1990,331,519,1932,4448,615,752,498,1517,1503,1919,1149,2279,3377,857,234,347,858,474,571,3597,1898,4592,642,625,2142,2424,7929,1006,1194,3818,13011,15428
지능범죄,횡령,50498,15282,3376,2053,2879,1477,1287,863,252,1285,81,404,278,252,218,533,427,85,971,963,1324,319,844,164,786,194,70,190,804,68,590,158,350,575,136,173,535,144,33,43,55,242,165,21,82,571,165,10,52,58,124,68,125,224,711,253,32,35,144,360,43,49,51,200,158,142,215,260,303,47,22,20,81,39,54,274,275,427,52,57,163,169,772,112,131,503,104,1812,55113,15958,3611,2192,3350,1425,1348,807,213,1482,63,365,317,238,246,501,540,90,1276,1069,1570,508,955,171,838,164,90,249,877,96,663,214,384,594,135,192,600,132,25,39,63,242,203,22,76,692,137,10,96,71,108,52,119,265,724,200,38,38,156,421,48,64,53,246,936,228,167,222,263,69,28,32,95,39,64,261,296,478,64,52,215,160,766,128,180,494,219,1926,58508,16963,3859,2595,4161,1556,1232,801,280,1743,101,309,280,229,210,479,598,91,1166,1221,1561,584,997,173,745,189,82,209,852,98,687,181,483,592,154,245,659,185,31,44,80,268,182,27,82,612,160,17,74,82,108,85,129,284,837,192,47,39,187,495,61,117,87,269,260,276,270,275,268,100,37,39,111,33,58,301,228,513,69,128,216,205,834,109,201,565,313,1953,58889,16186,3918,2443,4245,1636,1285,748,200,1758,60,393,365,276,240,522,621,95,1226,1201,1495,568,946,211,763,209,82,205,847,81,809,191,437,613,147,290,744,203,24,26,73,235,197,20,76,695,148,15,75,72,138,82,122,303,767,187,31,57,209,525,67,81,81,254,231,566,254,293,258,84,19,46,100,34,69,314,235,561,58,71,280,213,870,128,214,650,422,2100
지능범죄,배임,3706,928,315,128,167,65,67,84,17,66,15,7,27,12,15,28,34,9,47,62,69,33,65,20,32,23,7,6,55,2,22,9,25,43,12,14,69,7,4,5,9,26,13,1,17,43,6,-,12,6,16,12,17,17,49,13,13,11,18,32,8,8,6,10,26,14,14,23,37,7,2,2,12,5,10,30,28,38,11,11,20,15,79,3,19,28,15,279,4344,1009,290,119,189,82,75,87,5,57,14,6,25,11,19,38,37,7,48,67,68,30,61,21,39,14,11,12,77,11,21,22,39,75,17,9,46,7,9,4,9,19,15,3,11,48,9,4,12,9,8,11,11,32,50,22,11,4,19,44,7,16,8,22,19,407,5,23,29,10,6,9,10,1,11,34,32,48,6,12,30,20,69,10,10,44,33,284,4566,1038,346,134,167,72,96,101,19,78,8,18,32,12,12,23,27,9,56,64,69,26,40,12,36,18,8,10,97,10,30,13,32,53,20,9,54,16,10,1,8,36,13,2,9,29,13,1,12,6,18,12,13,14,85,16,8,5,19,39,9,11,9,15,18,27,8,8,28,9,4,3,6,2,11,28,19,49,11,10,20,32,88,19,21,63,60,744,4092,932,337,102,168,106,94,85,30,78,4,17,37,14,16,41,45,8,62,87,68,29,45,32,42,22,20,10,66,7,22,21,54,56,16,21,41,17,2,5,5,16,21,3,11,34,14,-,7,4,20,4,13,17,63,19,7,6,11,51,11,9,14,17,11,27,7,17,14,8,3,2,10,4,3,26,20,34,10,21,21,20,78,12,16,68,81,343
풍속범죄,소계,22501,5318,3040,1089,1362,570,654,384,75,306,31,95,94,73,65,101,136,35,469,432,595,157,377,30,252,73,46,86,247,35,152,411,137,212,40,74,183,44,29,13,30,104,86,18,36,262,60,3,49,32,40,22,46,78,240,128,22,23,56,155,19,40,24,102,66,57,201,197,168,31,12,13,48,46,11,157,113,179,19,17,69,115,410,55,56,242,102,920,20162,4711,2222,777,1232,477,774,301,46,355,38,99,128,83,76,85,140,29,514,389,613,164,380,39,249,66,36,79,238,47,204,264,127,230,45,45,159,36,23,14,29,133,71,7,38,238,49,5,53,26,49,41,43,95,200,73,20,22,73,209,21,45,15,102,75,77,74,92,108,29,9,27,74,48,14,185,86,214,10,14,64,66,270,53,52,229,195,906,21153,4893,1773,997,1391,470,538,531,66,353,28,101,156,67,84,136,160,26,314,466,743,157,332,64,303,63,35,77,275,47,198,71,111,154,57,89,213,48,18,17,37,216,159,7,30,313,65,7,27,24,48,32,23,97,218,165,21,20,76,251,31,38,29,92,59,90,147,66,150,50,18,22,81,27,21,147,89,146,21,17,52,92,304,49,64,230,496,1067,22632,4805,1461,918,1292,505,593,584,54,434,17,109,124,73,81,100,147,41,351,600,1860,203,347,54,412,68,29,77,247,43,262,118,142,188,49,70,314,65,22,18,40,114,260,11,217,299,56,5,25,25,45,33,58,101,256,112,30,30,84,279,31,38,15,77,76,80,80,66,115,40,19,17,113,29,18,130,84,175,19,28,84,94,292,39,57,215,629,1015
풍속범죄,성풍속범죄,13812,4102,1048,581,1060,360,451,170,60,219,26,59,57,55,48,70,85,23,324,310,445,123,286,18,206,38,35,62,140,22,113,391,83,147,23,32,123,28,16,6,11,63,55,7,15,158,32,2,13,23,15,7,14,43,152,51,7,7,21,98,7,25,12,48,36,25,65,63,73,15,7,6,15,25,6,78,43,123,10,7,40,78,153,18,19,141,50,385,14158,3902,1010,535,970,350,632,187,31,270,13,68,100,55,62,73,98,18,417,311,487,129,309,24,205,50,30,57,161,23,124,241,84,172,29,33,123,28,8,9,15,92,47,2,19,163,30,5,12,16,29,23,28,56,142,35,8,10,38,147,12,21,7,51,54,36,51,47,70,11,2,22,52,27,7,110,32,93,2,12,48,47,188,25,32,154,149,451,13145,3834,946,580,896,303,412,210,48,224,11,69,59,51,64,54,108,13,203,297,431,104,229,46,164,41,24,60,198,36,134,43,74,96,27,48,146,37,7,12,22,78,51,3,19,208,38,2,12,16,25,19,11,53,168,53,10,6,41,144,20,23,17,44,35,46,68,44,88,24,8,14,31,16,11,65,41,86,11,13,39,57,209,22,39,154,164,438,14497,3564,928,524,930,355,421,233,41,314,15,88,70,54,72,79,117,20,269,393,566,163,274,39,175,49,22,58,204,26,194,97,100,134,25,48,173,53,17,10,24,78,190,8,201,204,28,4,17,16,21,21,43,61,198,72,12,11,32,202,21,27,10,61,58,46,63,45,87,19,11,6,49,15,6,81,36,139,8,18,65,58,200,23,39,147,276,526
풍속범죄,도박범죄,8689,1216,1992,508,302,210,203,214,15,87,5,36,37,18,17,31,51,12,145,122,150,34,91,12,46,35,11,24,107,13,39,20,54,65,17,42,60,16,13,7,19,41,31,11,21,104,28,1,36,9,25,15,32,35,88,77,15,16,35,57,12,15,12,54,30,32,136,134,95,16,5,7,33,21,5,79,70,56,9,10,29,37,257,37,37,101,52,535,6004,809,1212,242,262,127,142,114,15,85,25,31,28,28,14,12,42,11,97,78,126,35,71,15,44,16,6,22,77,24,80,23,43,58,16,12,36,8,15,5,14,41,24,5,19,75,19,-,41,10,20,18,15,39,58,38,12,12,35,62,9,24,8,51,21,41,23,45,38,18,7,5,22,21,7,75,54,121,8,2,16,19,82,28,20,75,46,455,8008,1059,827,417,495,167,126,321,18,129,17,32,97,16,20,82,52,13,111,169,312,53,103,18,139,22,11,17,77,11,64,28,37,58,30,41,67,11,11,5,15,138,108,4,11,105,27,5,15,8,23,13,12,44,50,112,11,14,35,107,11,15,12,48,24,44,79,22,62,26,10,8,50,11,10,82,48,60,10,4,13,35,95,27,25,76,332,629,8135,1241,533,394,362,150,172,351,13,120,2,21,54,19,9,21,30,21,82,207,1294,40,73,15,237,19,7,19,43,17,68,21,42,54,24,22,141,12,5,8,16,36,70,3,16,95,28,1,8,9,24,12,15,40,58,40,18,19,52,77,10,11,5,16,18,34,17,21,28,21,8,11,64,14,12,49,48,36,11,10,19,36,92,16,18,68,353,489
특별경제범죄,소계,53356,15101,4459,2103,3118,1265,1207,1042,230,933,26,555,276,256,312,269,511,145,911,1169,1133,507,805,143,595,193,86,201,665,64,526,241,344,523,239,129,602,160,68,50,100,318,179,32,70,701,155,11,85,91,104,70,101,244,530,172,58,44,189,385,54,101,75,217,172,259,227,195,317,76,50,37,144,52,56,460,224,395,74,89,213,394,919,123,224,830,479,2099,53994,13821,4101,2187,3800,1210,1262,938,177,953,38,376,286,213,237,404,500,99,1019,1021,1311,494,763,131,585,187,84,256,618,112,510,290,495,1602,202,156,603,152,59,57,136,270,267,33,75,703,236,30,60,96,103,52,99,227,566,195,66,53,208,415,59,128,63,247,166,443,268,143,288,90,46,48,117,69,63,388,244,438,92,118,322,347,835,122,155,789,690,2017,51400,12823,3877,2187,3227,1385,1233,951,158,1045,40,240,266,244,199,390,425,88,880,1122,1324,545,792,138,596,184,92,175,602,138,450,251,366,700,202,195,676,162,73,52,125,352,212,33,73,701,139,8,71,101,139,85,104,251,625,215,43,48,214,392,62,101,85,296,242,226,198,169,312,105,35,51,132,39,67,345,365,492,68,81,321,322,996,84,172,670,721,2219,47826,11539,3633,1869,2990,1161,1216,904,178,955,29,220,334,188,221,477,403,88,910,878,1134,491,972,153,468,190,82,229,615,117,452,187,395,633,148,206,680,174,49,47,119,268,216,32,79,761,144,18,43,113,110,89,139,255,601,178,47,52,172,403,65,127,74,206,213,228,186,180,280,93,31,39,93,40,40,303,233,461,58,69,331,256,884,90,183,711,893,2005
마약범죄,소계,7501,1746,971,258,586,31,97,73,19,105,3,61,29,22,19,37,40,15,67,73,158,54,94,31,74,32,40,19,33,8,103,34,59,101,51,7,61,5,7,3,5,62,56,2,19,135,40,-,25,25,41,18,21,36,76,14,1,4,15,21,3,5,1,12,17,29,15,30,23,22,17,30,34,25,20,32,24,149,52,25,57,108,188,50,5,33,25,628,6513,1544,768,266,558,56,105,52,21,93,1,26,17,9,15,24,39,17,59,70,98,68,94,28,90,22,13,6,64,10,63,36,43,104,42,9,58,4,2,4,6,64,36,5,13,118,30,1,17,8,40,15,15,26,68,9,1,5,10,20,5,3,4,12,14,26,23,22,14,15,17,32,41,3,9,33,20,142,40,25,30,80,126,17,3,15,17,620,8038,1884,716,295,709,76,118,79,31,114,4,29,36,13,15,26,44,22,76,247,137,94,111,42,82,24,38,31,59,17,123,28,32,84,105,24,124,26,9,11,3,87,33,3,18,104,34,-,21,12,33,22,22,38,88,14,6,2,12,27,10,7,6,10,29,36,19,43,31,19,16,23,37,27,11,36,38,123,37,33,39,68,181,18,4,22,51,750,9186,2154,865,285,759,126,113,73,34,100,4,29,42,20,13,43,60,19,103,74,176,127,151,43,110,74,24,40,83,11,108,47,92,119,87,11,120,19,7,2,4,54,66,7,22,87,77,2,24,20,40,26,29,58,92,11,3,6,24,36,18,7,13,18,58,36,25,47,47,22,21,23,36,25,12,66,23,200,30,21,61,43,174,17,9,19,135,925
보건범죄,소계,12561,3606,1519,321,644,279,188,152,10,214,13,58,58,56,47,51,217,14,176,155,318,83,146,40,110,82,13,42,161,15,89,46,53,120,13,24,161,50,18,18,59,78,46,7,26,88,21,4,14,22,16,54,30,35,128,50,16,17,66,97,20,25,28,34,47,60,37,50,59,43,12,6,18,9,8,92,69,128,36,39,88,88,349,20,52,84,18,788,11033,2886,1441,357,452,250,173,77,9,190,8,64,88,48,56,59,154,9,152,196,355,80,148,50,96,42,14,38,132,7,80,59,58,99,13,34,186,39,13,17,36,87,30,7,5,65,18,4,9,6,13,101,18,33,70,45,9,9,64,117,17,28,23,53,22,61,17,50,48,33,6,10,15,6,13,83,101,149,47,30,60,76,274,33,68,56,19,660,12570,3424,1664,334,556,274,188,107,17,302,25,90,86,45,62,62,160,16,178,215,289,127,196,46,120,39,18,67,130,8,86,41,87,154,20,47,197,124,23,10,66,114,33,15,24,88,15,3,8,9,18,82,18,33,103,79,5,12,37,88,27,38,27,61,24,78,19,50,68,55,12,15,19,4,16,85,53,144,34,18,67,108,255,36,40,55,33,645,14595,3937,1713,315,733,348,280,133,58,305,7,68,120,83,38,102,163,18,241,258,331,148,232,67,161,46,25,61,161,18,77,41,83,177,29,72,227,120,51,13,29,90,26,11,14,98,37,5,10,23,214,49,319,70,169,41,6,14,42,102,13,31,18,53,62,72,18,57,50,28,7,10,32,9,6,94,108,164,31,7,69,65,269,41,25,106,60,661
환경범죄,소계,4879,52,1196,14,79,7,12,34,1,63,4,9,75,11,4,24,97,7,24,17,32,31,27,3,4,95,5,24,76,4,9,47,98,113,129,21,287,19,22,17,6,26,14,-,11,2,7,1,-,22,6,15,12,2,43,12,2,3,60,14,8,7,2,261,6,198,5,62,51,14,-,22,10,4,46,65,36,84,46,38,10,16,76,21,28,20,14,678,4791,65,532,11,61,5,20,50,5,68,-,8,46,6,4,16,102,6,44,13,35,27,15,7,5,71,7,22,84,1,10,35,89,90,114,20,272,10,16,17,9,12,7,2,12,7,19,1,2,14,12,278,14,4,69,10,3,1,69,16,10,7,13,23,8,48,1,55,38,5,1,17,16,-,24,54,14,95,30,18,6,15,161,30,15,17,15,1485,3877,89,221,22,163,15,16,43,2,49,3,1,30,9,7,11,78,8,86,14,40,39,12,3,4,80,7,28,100,3,10,58,108,53,170,34,315,24,16,14,12,27,24,3,6,10,6,-,3,9,24,10,12,9,78,12,6,5,76,15,4,17,16,21,2,69,1,75,42,29,2,20,13,2,8,47,32,123,34,15,18,26,86,22,22,24,18,757,3568,39,400,11,149,5,13,57,3,54,4,3,37,5,2,7,56,7,22,5,14,20,8,2,2,81,3,15,139,-,11,42,104,109,167,18,309,15,12,7,7,28,13,1,-,2,9,-,3,5,10,5,37,5,55,17,1,2,23,24,3,11,8,14,4,32,3,70,22,27,4,10,11,1,8,45,19,116,34,26,13,26,69,24,5,11,41,707
교통범죄,소계,501162,67430,28061,25380,24507,18734,14695,11264,1322,9681,672,2440,3590,1849,2128,3486,5156,852,8763,9558,14266,8230,9480,2761,4419,2322,1741,2371,7452,1370,3195,2837,5415,7303,2560,2067,6564,2193,1034,1053,1360,4941,3982,420,1641,9988,2685,139,1095,1132,1583,1273,1425,2313,6999,2469,870,643,2530,5635,1052,1812,1180,3255,3572,3679,1987,3142,6315,1621,764,995,1467,943,1019,6208,3341,6655,854,1176,2581,3037,9625,2031,3713,9936,239,37639,408371,61132,22894,22200,18173,13779,11967,9956,1398,7349,607,2169,3071,1578,1267,3289,4339,764,6974,7592,11159,6327,7238,2160,3348,2161,1061,2213,6283,1185,3052,2307,3641,5936,2250,1934,5762,1733,617,533,878,3506,2594,353,1338,8605,2146,122,1079,935,1767,930,1408,2272,6077,2138,820,596,1967,5033,913,1531,1067,2365,3070,3265,1968,2668,4105,1373,577,859,1339,782,993,5008,2080,4499,741,926,2275,1944,6683,1350,2378,6417,319,30914,377354,55273,20433,21012,17749,12747,11898,9708,1397,6506,511,2128,2920,1783,1045,3133,3936,709,5849,6724,9810,5403,6376,1823,2738,1980,1201,1878,5910,969,2776,2165,3133,6491,1811,1611,5792,1615,572,584,677,3135,2405,364,1210,7361,1984,111,978,764,1508,1059,1427,2219,5233,1981,761,560,2008,4350,798,1431,963,2576,2770,2740,1778,2660,3555,1228,541,794,1368,715,1146,4542,1984,4141,862,1016,3472,1773,6216,1262,1895,5147,184,29603,348725,50895,18201,19005,16771,12432,10583,8020,1337,6159,359,1717,3035,1495,1075,3207,3679,598,5573,5951,8826,5096,6495,1881,2514,1725,1130,1958,5592,818,2790,2070,2804,6637,1612,1679,5417,1645,487,553,742,2988,2175,293,1127,6849,1728,104,814,778,1477,913,1374,2411,5294,1826,591,479,1857,3868,708,1219,838,2413,2353,3041,1708,2141,3350,1084,433,730,1324,662,1036,3875,1938,3928,736,997,2400,1687,5418,1245,1904,4632,129,27287
노동범죄,소계,2862,587,228,371,55,12,143,104,4,26,1,43,2,12,9,-,10,3,85,63,109,14,46,3,199,1,1,2,17,2,64,5,11,6,8,2,14,6,5,8,5,2,13,2,-,8,8,-,12,2,2,12,1,3,5,8,-,-,-,9,-,1,-,12,5,19,26,4,-,2,1,-,5,1,2,28,17,51,3,4,53,3,29,10,82,17,4,110,1883,183,59,144,29,12,67,17,2,30,-,15,7,9,2,4,63,2,31,11,39,34,7,2,39,1,2,1,13,-,6,16,6,12,10,1,19,-,647,2,-,4,2,1,-,12,2,-,1,4,-,3,-,2,6,3,1,-,1,4,-,2,2,11,3,5,10,2,2,3,-,-,-,2,5,21,8,30,2,-,17,2,6,10,35,35,3,77,975,96,30,20,27,5,4,6,1,7,1,10,-,3,3,2,2,1,6,6,10,4,6,1,6,3,2,2,3,3,1,2,7,9,4,1,12,4,3,-,1,1,-,-,3,11,2,-,-,1,1,2,4,2,3,2,1,-,3,1,2,1,-,9,23,5,-,2,-,1,-,2,2,3,2,11,3,1,-,1,3,-,2,1,18,37,10,485,356,55,18,12,9,8,11,11,1,6,-,4,4,-,1,-,-,2,10,4,3,3,4,1,2,1,-,-,2,1,2,1,1,4,3,1,6,2,2,1,1,2,2,-,-,7,-,-,1,-,1,1,2,2,5,2,-,-,3,1,3,4,4,6,3,9,-,-,2,-,-,-,1,-,3,4,1,1,-,-,1,-,-,1,6,34,3,44
안보범죄,소계,98,23,3,3,3,5,1,3,2,1,-,-,-,-,-,-,-,-,6,-,-,7,-,1,-,-,1,-,1,-,4,1,-,1,1,-,2,-,-,-,-,1,1,-,-,-,1,-,-,-,-,-,-,-,-,2,-,-,-,1,-,1,-,1,1,-,1,-,-,-,-,-,-,-,-,-,1,-,-,1,-,-,5,-,1,3,2,6,69,29,-,5,4,2,-,1,-,1,-,-,-,-,-,1,-,-,-,3,1,1,2,-,1,-,-,-,-,-,-,-,1,-,-,-,-,-,1,-,-,1,1,-,-,-,1,-,-,1,-,-,1,-,1,1,-,-,-,-,-,-,-,-,-,-,-,-,-,-,-,-,-,-,-,-,-,1,-,-,1,-,1,-,-,-,2,4,169,102,5,2,2,3,1,1,2,-,-,-,4,-,-,-,-,-,6,2,-,-,5,-,1,-,-,-,1,-,-,-,5,-,-,-,1,-,-,-,-,-,-,-,-,1,-,-,-,-,-,-,-,-,1,-,-,-,-,2,-,-,-,1,-,-,2,-,1,-,-,-,-,-,1,4,1,1,-,-,-,-,1,-,-,-,7,3,216,124,5,7,13,2,1,-,-,-,-,-,-,-,-,2,1,-,2,3,2,1,-,1,3,1,1,2,2,-,1,-,1,6,-,-,2,-,-,-,1,2,-,-,-,-,-,-,-,-,-,-,-,-,1,-,-,-,1,1,1,-,-,-,-,2,-,-,1,-,-,-,-,-,-,-,1,1,-,1,-,-,2,-,1,-,13,4
선거범죄,소계,640,141,39,23,54,18,10,21,1,6,1,1,-,-,1,6,1,2,9,5,24,10,4,1,4,1,-,4,23,1,9,5,-,8,5,-,-,4,-,-,1,2,3,3,4,2,2,-,1,-,2,2,1,1,4,2,1,-,4,8,-,1,-,3,1,5,1,2,3,1,4,5,2,-,1,4,1,10,1,3,5,7,20,4,1,6,-,64,1897,213,80,63,59,42,26,48,8,20,4,6,8,9,9,4,9,7,8,25,24,15,10,12,23,3,6,7,11,19,11,21,12,11,8,-,11,16,3,4,8,2,14,8,12,11,10,1,13,6,2,4,6,5,10,20,7,12,14,26,19,17,8,48,20,22,2,17,18,22,10,17,13,9,8,30,5,8,3,19,2,18,27,9,9,32,7,412,611,27,20,22,13,15,3,11,-,1,-,1,1,-,2,-,1,-,-,-,3,-,2,12,2,1,2,1,-,-,-,11,1,7,5,-,2,5,2,6,4,2,1,1,-,9,2,-,7,1,2,6,1,4,2,7,5,15,5,6,2,4,8,2,-,8,4,6,11,-,6,12,8,2,3,7,9,2,-,5,3,15,15,8,8,4,6,194,829,201,64,18,29,30,9,10,-,9,2,8,2,3,3,4,2,3,10,7,8,2,11,18,8,3,1,3,6,6,2,3,3,5,7,3,1,4,-,-,1,4,6,1,4,8,1,-,-,1,1,2,-,1,6,3,1,4,3,19,5,-,3,8,7,18,2,7,9,-,-,6,14,1,2,10,6,9,-,2,3,5,13,3,8,20,10,84
병역범죄,소계,15327,3735,593,568,1183,268,447,212,111,411,10,79,125,47,76,93,294,43,325,310,376,162,285,79,144,75,23,129,205,49,210,110,142,157,61,50,248,37,37,6,7,77,56,1,17,185,55,4,20,31,34,40,43,111,270,91,9,18,67,118,11,32,18,92,55,46,60,46,169,28,8,13,22,15,21,147,148,169,25,24,164,75,223,43,52,90,53,709,14271,3383,632,490,1010,263,448,212,115,348,14,83,112,63,38,58,303,58,291,246,354,185,241,100,139,115,27,85,194,52,241,90,181,135,85,64,166,50,34,7,8,105,44,5,9,191,53,3,21,37,26,27,33,96,360,65,7,14,78,111,11,33,17,39,41,42,61,32,171,14,10,13,22,9,14,120,91,120,26,26,176,83,184,28,53,107,97,626,12712,2986,576,417,981,315,349,160,86,410,13,46,96,78,43,65,292,39,223,232,348,113,183,97,156,96,20,74,166,21,194,88,193,133,76,59,184,14,42,2,9,60,46,2,17,190,45,2,3,44,31,23,32,74,241,52,10,9,80,108,7,29,13,41,35,35,47,26,134,19,3,5,19,4,5,96,71,73,17,7,150,51,126,21,74,121,153,586,3845,748,205,174,288,87,102,52,17,81,2,9,26,12,11,43,72,10,50,49,68,30,40,19,30,23,7,15,31,11,51,12,43,30,17,26,47,9,9,1,4,13,14,2,5,58,19,1,4,25,22,10,6,26,88,17,3,3,20,39,13,6,3,15,16,22,27,17,62,9,3,5,11,5,4,57,25,56,1,4,55,27,65,16,29,49,60,247
기타범죄,소계,234871,42994,16779,8689,17000,4624,5191,5394,578,3501,228,1147,1710,1055,905,1592,3368,399,4454,4106,6922,2551,4157,1469,2321,858,685,1062,3506,389,1844,1108,1805,5658,1017,837,3343,968,667,656,1513,1487,1170,175,455,3211,636,53,382,486,823,526,2056,972,2774,2163,334,273,1079,2460,389,1585,329,1181,853,1301,717,870,1520,422,198,248,588,253,295,2533,2323,1991,437,488,1178,1154,4820,1010,807,3132,832,14852,221862,41780,19334,8076,12918,4552,5199,4672,646,3292,318,982,1203,763,689,1415,2685,398,3867,3220,5322,1802,3260,1006,1955,903,456,954,2641,343,1798,932,1552,3297,765,707,2619,801,1281,409,494,1357,1021,165,437,3141,711,80,409,443,684,588,723,1071,2592,1910,749,242,870,2206,369,542,357,1020,842,2872,837,799,1324,341,181,346,588,248,335,2785,2207,1971,467,555,1128,888,3728,1480,1240,3189,1577,20941,240168,41566,21714,8450,15665,4788,4953,4798,810,3981,273,1114,1403,799,729,1466,2200,374,3458,3500,5196,2126,3016,990,2004,943,427,995,2850,376,1746,1036,1523,4138,807,738,3254,1306,375,266,414,1508,1131,195,425,3064,719,114,418,440,763,498,719,1116,2754,3765,252,278,1006,2278,357,574,360,1240,996,5047,860,761,1417,440,240,321,546,277,327,2501,938,2380,381,846,1099,1063,4709,2925,1453,3327,2514,24259,241829,41026,21878,7875,15504,4770,5085,4288,867,4018,195,1062,1606,663,582,1715,2090,426,3763,3979,5320,2061,3117,859,1905,1028,518,903,2912,410,1835,1023,1438,4943,817,873,3017,782,1016,413,378,1706,1154,180,453,2901,771,60,351,457,637,421,1407,1018,2553,3750,257,253,816,2359,392,1082,380,1024,948,3587,800,971,1336,443,188,312,615,258,315,2947,1043,2177,302,727,1245,1103,4700,1442,1888,3354,3327,26459
